{"type":"Topology","transform":{"scale":[0.000014667761138498735,0.000008337404894098143],"translate":[2.2547809,48.8183713]},"arcs":[[[10626,3075],[-23,-127],[28,-20],[-10,-110],[-23,-93],[-32,-10],[-9,-50],[-32,-173],[29,-22],[-3,-66],[-23,-58],[-29,-5],[-28,-166],[25,-13],[3,-58],[-64,-56],[-22,15],[-124,-132],[12,-36],[-44,-69],[-74,-34],[-21,29],[-158,-95],[5,-36],[-65,-54],[-73,-31],[-19,24],[-127,-78],[-17,-10]],[[10681,3384],[-4,-43],[26,-17],[2,-69],[-22,-59],[-34,1],[-12,-64]],[[2062,7491],[23,103],[-60,84],[81,44],[46,-8],[81,97],[-5,31],[46,96],[80,48],[28,-9],[55,54]],[[8973,1010],[-13,-17],[12,-19],[18,0],[10,-25],[-77,-36],[-14,16],[-136,-78],[-2,-31],[-60,-50],[-33,30],[-114,-66],[-1,-23],[-69,-64],[-81,-21],[-17,16],[-122,-64],[6,-25],[-60,-55],[-73,-30],[-18,23],[-107,-69],[-4,-33],[-69,-56],[-29,27],[-135,-79],[-4,-30],[-91,-66],[-100,-21],[-12,17],[-127,-65],[-2,-29],[-88,-64],[-106,6],[-14,30],[-112,-13],[-3,-23],[-108,-21],[-47,82],[4,37],[-74,95],[-37,1],[-67,81],[-167,-13],[-179,-122],[-20,22],[-122,-108],[3,-24],[-55,-53],[-101,26],[0,26],[-137,35],[-15,-25],[-104,-2],[-86,57],[0,27],[-138,45],[-13,-20],[-95,11],[-76,52],[-1,29],[-162,46],[-19,-28],[-109,28],[-89,51],[1,21],[-140,50],[-10,-13],[-111,11],[-28,21],[-5,36],[-207,85],[-23,-22],[-80,29],[-63,47],[0,30],[-110,49],[-132,12],[-66,44],[-4,34],[-119,43],[-11,-21],[-100,11],[-62,42],[-6,35],[-122,48],[-21,-22],[-97,25],[-69,45],[0,33],[-135,50],[-19,-18],[-89,21],[-71,47],[-4,44],[-57,7],[-76,30],[-12,-14],[-92,16],[-76,46],[-13,30],[-119,43],[-22,-18],[-92,14],[-65,75],[-5,33],[-107,76],[-33,-15],[-79,54],[-58,62],[-3,24],[-102,85],[-31,-9],[-105,45],[-92,87],[-2,29],[-96,64],[-23,-19],[-124,48],[-80,68],[-7,39],[-128,46],[-15,-18],[-113,19],[-97,42],[-5,37],[-135,17],[-16,-21],[-105,-4],[-14,97],[-57,28]],[[10740,3679],[11,-34],[-23,-97],[-27,-12],[-7,-55]],[[9135,1179],[29,31],[6,-11],[-4,-21],[29,-24],[37,76],[1,37],[98,89],[19,-20],[81,42],[5,43],[164,52],[37,-52],[78,67],[-7,53]],[[3595,8842],[45,39],[-4,38],[75,104],[127,64],[23,-25],[116,78],[0,49],[51,50],[88,37],[21,-19],[112,65],[0,43],[41,49],[42,-32],[124,96],[0,42],[80,55],[82,-16],[10,-33],[144,8],[19,30],[74,23],[92,-12],[14,-27],[124,-6],[9,26],[100,27],[80,-13],[17,-25],[200,-11],[19,32],[97,31],[89,-19],[3,-26],[132,4],[9,31],[108,24],[94,-17],[6,-27],[121,-1],[19,34],[111,22],[82,-16],[8,-31],[126,0],[20,31],[100,28],[85,-20],[14,-34],[112,-2],[27,33],[87,19],[72,-19],[19,-31],[111,-2],[28,38],[111,29],[108,-17],[17,-25],[137,6],[13,28],[93,25],[116,-15],[21,-30],[129,0],[14,27],[105,34],[109,-22],[7,-23],[134,-2],[7,30],[114,30],[104,-13],[21,-34],[127,-2],[10,36],[91,36],[98,-50],[9,-41],[47,-25],[59,-46],[33,53],[93,-18],[51,-62],[4,-56],[103,-61],[34,8],[66,-36],[17,-74],[-16,-42],[43,-115],[39,-14],[25,-63],[-4,-117],[-29,-8],[40,-164],[27,-9],[28,-80],[-19,-80],[-28,-45],[46,-145],[37,-20],[15,-44],[-13,-89],[-30,-36],[12,-139],[24,-19],[13,-80],[2,-85],[-17,-15],[35,-145],[39,5],[34,-75],[-27,-41],[77,-123],[59,0],[58,-67],[-2,-41],[166,-142],[27,31],[81,-47],[0,-31],[131,-47],[32,24],[57,0],[13,-75],[-16,-41],[51,-139],[34,0],[51,-70],[-8,-146],[-21,-28],[13,-137],[34,-10],[30,-118],[-6,-111],[-28,-7],[9,-165],[41,-17],[17,-105],[-14,-100],[-37,-16],[11,-159],[27,-13],[22,-139],[-75,-28],[27,-205],[39,-9],[31,-97],[-9,-109],[-27,-27],[20,-162],[25,-11],[25,-96],[-15,-139],[-23,-4],[15,-186],[21,0],[20,-104],[-11,-117],[-18,-1],[18,-180],[34,-3],[23,-111],[-21,-107],[-23,-9],[17,-148],[27,-4],[33,-78]],[[2472,8083],[-9,30],[68,89],[79,-80],[168,89],[9,33],[139,84],[34,-6],[94,75],[9,39],[72,94],[86,40],[29,-17],[104,95],[3,35],[62,72],[81,53],[38,-13]],[[1959,7122],[23,47],[-27,41],[39,151],[34,0],[18,77]],[[127,2408],[-22,44],[-25,6],[-64,75],[12,99],[35,28],[-12,144],[-36,9],[-15,96],[66,126],[33,3],[36,143],[-30,31],[29,166],[56,112],[44,2],[41,133],[-31,42],[30,142],[57,81],[35,7],[40,122],[-25,37],[36,134],[49,65],[32,6],[64,159],[-21,27],[-2,114],[50,78],[46,-3],[46,145],[-19,17],[12,104],[57,86],[39,0],[54,150],[-22,15],[12,117],[48,-6],[82,163],[-22,19],[23,85],[60,68],[28,3],[57,131],[-21,25],[29,116],[55,87],[39,-6],[69,139],[-20,31],[27,111],[58,67],[27,-7],[28,73],[-24,28],[18,56],[77,119],[33,3],[71,138],[-15,25],[33,100],[83,36],[23,-22],[140,69],[-4,36],[49,57],[24,-6],[23,34]],[[756,2430],[-90,38],[-68,-77],[10,-20],[-80,-86],[-68,-150],[-72,34],[-10,42],[-130,33],[-12,-27],[-63,0],[-10,54],[15,26],[-9,19]]],"objects":{"fortifications_de_paris_en_1900":{"type":"GeometryCollection","geometries":[{"type":"LineString","arcs":[0],"properties":{"barrier":"city_wall","start_date":"1889","id":"way/198181208"}},{"type":"LineString","arcs":[1],"properties":{"barrier":"city_wall","start_date":"1889","id":"way/198181210"}},{"type":"LineString","arcs":[2],"properties":{"barrier":"city_wall","source":"Plan Paris 1900","start_date":"1889","id":"way/198181491"}},{"type":"LineString","arcs":[3],"properties":{"barrier":"city_wall","source":"Plan Paris 1900","start_date":"1889","id":"way/198181492"}},{"type":"LineString","arcs":[4],"properties":{"barrier":"city_wall","start_date":"1889","id":"way/198181209"}},{"type":"LineString","arcs":[5],"properties":{"barrier":"city_wall","source":"Plan Paris 1900","start_date":"1889","id":"way/198181494"}},{"type":"LineString","arcs":[6],"properties":{"barrier":"city_wall","source":"Plan Paris 1900","start_date":"1889","id":"way/198181495"}},{"type":"LineString","arcs":[7],"properties":{"barrier":"city_wall","source":"Plan Paris 1900","start_date":"1889","id":"way/198181496"}},{"type":"LineString","arcs":[8],"properties":{"barrier":"city_wall","source":"Plan Paris 1900","start_date":"1889","id":"way/198181497"}},{"type":"LineString","arcs":[9],"properties":{"barrier":"city_wall","source":"Plan Paris 1900","start_date":"1889","id":"way/198181498"}},{"type":"LineString","arcs":[10],"properties":{"barrier":"city_wall","source":"Plan Paris 1900","start_date":"1889","id":"way/198181493"}}]}}}